{
  "gene_map": [
    {
      "gene": "TP53",
      "chromosome": "17",
      "start": 7668421,
      "end": 7687490,
      "strand": "-",
      "biotype": "protein_coding",
      "description": "Tumor protein p53 — master regulator of cell cycle and apoptosis",
      "pathway": "Apoptosis / Cell cycle regulation",
      "omim": "191170"
    },
    {
      "gene": "BRCA1",
      "chromosome": "17",
      "start": 43044295,
      "end": 43125483,
      "strand": "-",
      "biotype": "protein_coding",
      "description": "Breast cancer type 1 susceptibility protein — DNA repair and tumor suppression",
      "pathway": "Homologous recombination / DNA damage response",
      "omim": "113705"
    },
    {
      "gene": "BRCA2",
      "chromosome": "13",
      "start": 32315086,
      "end": 32400268,
      "strand": "+",
      "biotype": "protein_coding",
      "description": "Breast cancer type 2 susceptibility protein — DNA repair via homologous recombination",
      "pathway": "Homologous recombination / Fanconi anemia pathway",
      "omim": "600185"
    },
    {
      "gene": "BRAF",
      "chromosome": "7",
      "start": 140419127,
      "end": 140624564,
      "strand": "-",
      "biotype": "protein_coding",
      "description": "B-Raf proto-oncogene serine/threonine kinase — MAPK signaling",
      "pathway": "MAPK/ERK signaling",
      "omim": "164757"
    },
    {
      "gene": "HBB",
      "chromosome": "11",
      "start": 5225464,
      "end": 5229395,
      "strand": "+",
      "biotype": "protein_coding",
      "description": "Hemoglobin subunit beta — oxygen transport",
      "pathway": "Hemoglobin synthesis / Oxygen transport",
      "omim": "141900"
    },
    {
      "gene": "CFTR",
      "chromosome": "7",
      "start": 117465784,
      "end": 117715971,
      "strand": "+",
      "biotype": "protein_coding",
      "description": "Cystic fibrosis transmembrane conductance regulator — chloride ion channel",
      "pathway": "Chloride channel / Mucociliary clearance",
      "omim": "602421"
    },
    {
      "gene": "APOE",
      "chromosome": "19",
      "start": 44905754,
      "end": 44909393,
      "strand": "+",
      "biotype": "protein_coding",
      "description": "Apolipoprotein E — lipid metabolism and neuronal repair",
      "pathway": "Lipoprotein metabolism / Cholesterol transport",
      "omim": "107741"
    },
    {
      "gene": "OPRM1",
      "chromosome": "6",
      "start": 154042596,
      "end": 154495106,
      "strand": "+",
      "biotype": "protein_coding",
      "description": "Opioid receptor mu-1 — pain modulation and addiction",
      "pathway": "Opioid signaling / Neuropeptide receptor",
      "omim": "600018"
    },
    {
      "gene": "MC1R",
      "chromosome": "16",
      "start": 89858897,
      "end": 89861488,
      "strand": "+",
      "biotype": "protein_coding",
      "description": "Melanocortin 1 receptor — pigmentation regulation",
      "pathway": "Melanogenesis / cAMP signaling",
      "omim": "155555"
    },
    {
      "gene": "AGT",
      "chromosome": "1",
      "start": 230631047,
      "end": 230651098,
      "strand": "+",
      "biotype": "protein_coding",
      "description": "Angiotensinogen — renin-angiotensin system precursor",
      "pathway": "Renin-angiotensin-aldosterone system",
      "omim": "106150"
    },
    {
      "gene": "HFE",
      "chromosome": "6",
      "start": 26087281,
      "end": 26098343,
      "strand": "+",
      "biotype": "protein_coding",
      "description": "Homeostatic iron regulator — iron absorption regulation",
      "pathway": "Iron homeostasis / Transferrin receptor interaction",
      "omim": "235200"
    },
    {
      "gene": "FTO",
      "chromosome": "16",
      "start": 53737875,
      "end": 54148379,
      "strand": "+",
      "biotype": "protein_coding",
      "description": "Fat mass and obesity-associated protein — energy homeostasis",
      "pathway": "Obesity / Metabolic regulation",
      "omim": "610966"
    },
    {
      "gene": "CYP1A2",
      "chromosome": "15",
      "start": 74748990,
      "end": 74764798,
      "strand": "-",
      "biotype": "protein_coding",
      "description": "Cytochrome P450 1A2 — drug and xenobiotic metabolism",
      "pathway": "Phase I drug metabolism / Cytochrome P450",
      "omim": "124060"
    },
    {
      "gene": "C3",
      "chromosome": "19",
      "start": 6677787,
      "end": 6720651,
      "strand": "+",
      "biotype": "protein_coding",
      "description": "Complement component C3 — innate immune activation",
      "pathway": "Complement cascade / Innate immunity",
      "omim": "120700"
    }
  ],
  "chromosomes": {
    "1": {"length": 248956422, "genes": 2058},
    "2": {"length": 242193529, "genes": 1309},
    "3": {"length": 198295559, "genes": 1078},
    "4": {"length": 190214555, "genes": 752},
    "5": {"length": 181538259, "genes": 876},
    "6": {"length": 170805979, "genes": 1048},
    "7": {"length": 159345973, "genes": 989},
    "8": {"length": 145138636, "genes": 677},
    "9": {"length": 138394717, "genes": 786},
    "10": {"length": 133797422, "genes": 733},
    "11": {"length": 135086622, "genes": 1308},
    "12": {"length": 133275309, "genes": 1034},
    "13": {"length": 114364328, "genes": 326},
    "14": {"length": 107043718, "genes": 609},
    "15": {"length": 101991189, "genes": 613},
    "16": {"length": 90338345, "genes": 873},
    "17": {"length": 83257441, "genes": 1197},
    "18": {"length": 80373285, "genes": 270},
    "19": {"length": 58617616, "genes": 1473},
    "20": {"length": 64444167, "genes": 546},
    "21": {"length": 46709983, "genes": 234},
    "22": {"length": 50818468, "genes": 488},
    "X": {"length": 156040895, "genes": 847},
    "Y": {"length": 57227415, "genes": 63}
  }
}
