{
  "rs699": {
    "rsid": "rs699",
    "chromosome": "1",
    "position": 230710048,
    "ref": "A",
    "alt": "G",
    "gene": "AGT",
    "consequence": "missense_variant",
    "hgvs": "NM_000029.3:c.803T>C",
    "protein_change": "p.Met268Thr",
    "allele_frequency": 0.42,
    "strand": "+"
  },
  "rs1799971": {
    "rsid": "rs1799971",
    "chromosome": "6",
    "position": 154360797,
    "ref": "A",
    "alt": "G",
    "gene": "OPRM1",
    "consequence": "missense_variant",
    "hgvs": "NM_000914.4:c.118A>G",
    "protein_change": "p.Asn40Asp",
    "allele_frequency": 0.18,
    "strand": "+"
  },
  "rs334": {
    "rsid": "rs334",
    "chromosome": "11",
    "position": 5227002,
    "ref": "A",
    "alt": "T",
    "gene": "HBB",
    "consequence": "missense_variant",
    "hgvs": "NM_000518.5:c.20A>T",
    "protein_change": "p.Glu7Val",
    "allele_frequency": 0.001,
    "strand": "+"
  },
  "rs1805007": {
    "rsid": "rs1805007",
    "chromosome": "16",
    "position": 89919736,
    "ref": "C",
    "alt": "T",
    "gene": "MC1R",
    "consequence": "missense_variant",
    "hgvs": "NM_002386.3:c.478C>T",
    "protein_change": "p.Arg160Trp",
    "allele_frequency": 0.09,
    "strand": "+"
  },
  "rs28897696": {
    "rsid": "rs28897696",
    "chromosome": "7",
    "position": 117559593,
    "ref": "G",
    "alt": "A",
    "gene": "CFTR",
    "consequence": "stop_gained",
    "hgvs": "NM_000492.4:c.1521_1523del",
    "protein_change": "p.Phe508del",
    "allele_frequency": 0.02,
    "strand": "+"
  },
  "rs7412": {
    "rsid": "rs7412",
    "chromosome": "19",
    "position": 44908822,
    "ref": "C",
    "alt": "T",
    "gene": "APOE",
    "consequence": "missense_variant",
    "hgvs": "NM_000041.4:c.526C>T",
    "protein_change": "p.Arg176Cys",
    "allele_frequency": 0.07,
    "strand": "+"
  },
  "rs429358": {
    "rsid": "rs429358",
    "chromosome": "19",
    "position": 44908684,
    "ref": "T",
    "alt": "C",
    "gene": "APOE",
    "consequence": "missense_variant",
    "hgvs": "NM_000041.4:c.388T>C",
    "protein_change": "p.Cys130Arg",
    "allele_frequency": 0.15,
    "strand": "+"
  },
  "rs1800562": {
    "rsid": "rs1800562",
    "chromosome": "6",
    "position": 26093141,
    "ref": "G",
    "alt": "A",
    "gene": "HFE",
    "consequence": "missense_variant",
    "hgvs": "NM_000410.4:c.845G>A",
    "protein_change": "p.Cys282Tyr",
    "allele_frequency": 0.06,
    "strand": "+"
  },
  "rs1042522": {
    "rsid": "rs1042522",
    "chromosome": "17",
    "position": 7676154,
    "ref": "C",
    "alt": "G",
    "gene": "TP53",
    "consequence": "missense_variant",
    "hgvs": "NM_000546.6:c.215C>G",
    "protein_change": "p.Pro72Arg",
    "allele_frequency": 0.40,
    "strand": "-"
  },
  "rs113488022": {
    "rsid": "rs113488022",
    "chromosome": "7",
    "position": 140453136,
    "ref": "A",
    "alt": "T",
    "gene": "BRAF",
    "consequence": "missense_variant",
    "hgvs": "NM_004333.6:c.1799T>A",
    "protein_change": "p.Val600Glu",
    "allele_frequency": 0.0001,
    "strand": "-"
  },
  "rs28934578": {
    "rsid": "rs28934578",
    "chromosome": "17",
    "position": 43094692,
    "ref": "C",
    "alt": "T",
    "gene": "BRCA1",
    "consequence": "stop_gained",
    "hgvs": "NM_007294.4:c.5266dup",
    "protein_change": "p.Gln1756Profs",
    "allele_frequency": 0.0003,
    "strand": "+"
  },
  "rs80357906": {
    "rsid": "rs80357906",
    "chromosome": "13",
    "position": 32340300,
    "ref": "A",
    "alt": "C",
    "gene": "BRCA2",
    "consequence": "frameshift_variant",
    "hgvs": "NM_000059.4:c.5946delT",
    "protein_change": "p.Ser1982Argfs",
    "allele_frequency": 0.0001,
    "strand": "+"
  },
  "rs2230199": {
    "rsid": "rs2230199",
    "chromosome": "19",
    "position": 6694224,
    "ref": "C",
    "alt": "G",
    "gene": "C3",
    "consequence": "missense_variant",
    "hgvs": "NM_000064.3:c.3667C>G",
    "protein_change": "p.Arg1223Gly",
    "allele_frequency": 0.22,
    "strand": "+"
  },
  "rs762551": {
    "rsid": "rs762551",
    "chromosome": "15",
    "position": 75041917,
    "ref": "A",
    "alt": "C",
    "gene": "CYP1A2",
    "consequence": "synonymous_variant",
    "hgvs": "NM_000761.4:c.1548A>C",
    "protein_change": "p.Thr516Thr",
    "allele_frequency": 0.33,
    "strand": "-"
  },
  "rs9939609": {
    "rsid": "rs9939609",
    "chromosome": "16",
    "position": 53786615,
    "ref": "T",
    "alt": "A",
    "gene": "FTO",
    "consequence": "intron_variant",
    "hgvs": "NM_001080432.3:c.18+6890T>A",
    "protein_change": null,
    "allele_frequency": 0.45,
    "strand": "+"
  }
}
